ID,Collection_year,Genus,Open_nomenclature,Species,Dataset,SV_ratio,S,K_mean,K_var,K_skew,K_kurt,H_mean,H_var,H_skew,H_kurt,k2_mean,k2_var,k2_skew,k2_kurt,k1_mean,k1_var,k1_skew,k1_kurt,K_tip_mean,K_tip_var,K_tip_skew,K_tip_kurt,H_tip_mean,H_tip_var,H_tip_skew,H_tip_kurt,k2_tip_mean,k2_tip_var,k2_tip_skew,k2_tip_kurt,k1_tip_mean,k1_tip_var,k1_tip_skew,k1_tip_kurt,FD,br_length_mean,br_length_var,br_rate_mean,br_rate_var,br_spacing_v1_mean,br_spacing_v1_var,br_spacing_v2_mean,br_spacing_v2_var,da_mean,da_var,db_mean,db_var,dc_mean,dc_var,b_angle_mean,b_angle_var,da_avg_mean,d_avg_var
15Oki01,2015,Acropora,aff.,bifurcata,Testing,5.373537957,0.199389116,-11.14811196,92395.14386,0.81870951,8.510326268,1.204455523,134.100547,0.029050398,3.417063085,-10.07992608,195.1795306,-0.675721257,3.475285326,12.38937495,186.3804613,0.754626296,3.589572633,-6.520179541,159293.5924,0.658322532,8.206167392,2.88497253,172.4918947,-0.144422926,3.391627264,-9.72596038,268.8276666,-0.767704415,3.487629694,15.39102251,226.4193205,0.665239781,3.44423849,2.367559573,0.824492245,0.25908739,0.671123524,0.149599742,0.47685496,0.032972245,0.583304357,0.032553313,0.670640004,0.078785053,0.416489505,0.034480137,0.327830074,0.025297547,1.248672129,0.158362749,0.589763155,0.049584947
15Oki02,2015,Acropora,aff.,hyacinthus,Testing,6.890714577,0.152971649,-15.44209668,81418.81547,0.984179897,8.627484667,1.296672388,125.2971322,-0.00469776,3.602159486,-9.790313211,179.955792,-0.769026952,3.776703926,12.30534,175.1644345,0.709866384,3.460893453,-14.78572547,175385.7098,0.924497301,7.519236431,2.798936508,195.0181202,-0.199748031,3.219735131,-11.09224412,280.8157435,-0.613559911,3.208988373,16.58396215,246.4005564,0.403771493,3.131568781,2.375174218,0.718585694,0.162320488,0.592067183,0.093165866,0.463381479,0.022526693,0.559823627,0.02192597,0.515055311,0.032927035,0.346763897,0.009467377,0.303939528,0.005003372,1.35187902,0.132121141,0.414734001,0.03173167
15Oki03,2015,Acropora,aff.,bifurcata,Testing,6.908932899,0.213270843,-16.82622068,67774.81397,1.21840972,9.266665959,1.517997102,112.1983626,0.055663178,3.627612407,-9.322990861,150.4647388,-0.692373797,3.682307684,12.2340427,166.5386659,0.758674726,3.575836044,-4.643932792,157609.4506,1.12527015,7.979538952,4.474870861,174.0304292,-0.127682745,3.271513444,-9.062676069,238.5509912,-0.537470892,3.236784775,17.82219297,234.5836189,0.490714894,3.252612319,2.301681866,0.718403332,0.148316592,0.589063279,0.086986046,0.506004418,0.020435595,0.591179133,0.025867722,0.549712665,0.033518171,0.297901128,0.004278858,0.248469532,0.00400744,1.347875518,0.103139086,0.504498326,0.037400883
15Oki04,2015,Acropora,aff.,cytherea,Testing,6.577527471,0.228508614,-7.643314214,33996.33519,0.945179392,8.382630345,1.867117952,81.4046616,0.149381321,3.442490095,-7.214101211,113.9774598,-0.697903542,3.771332101,10.86620447,117.3537395,0.783099349,3.537739283,9.095038025,67289.21493,0.684914352,6.444023959,4.933233189,112.5601706,-0.096210957,3.135007855,-5.820515376,175.4901906,-0.697661333,3.48750653,15.56394872,138.9560545,0.545907856,3.202134007,2.322337713,0.811284735,0.19505199,0.665965016,0.115345345,0.491360397,0.01712166,0.55558094,0.022683981,0.529811208,0.036714947,0.301957502,0.007150895,0.240910264,0.004841762,1.248032492,0.095522264,0.346854996,0.042200562
15Oki05,2015,Acropora,aff.,cytherea,Testing,8.320104378,0.194928112,-11.83870969,46251.11927,1.057652281,8.668721232,1.835433789,95.90287445,0.085884799,3.542273296,-8.09132317,126.8389917,-0.715894276,3.702981205,11.65767716,143.9501606,0.792306804,3.596390972,3.265249356,82573.42141,1.003882585,7.270892411,4.94082156,126.1479527,0.052716914,3.15627858,-6.674568704,168.0671262,-0.528620425,3.354824583,16.38192167,176.6779988,0.595783502,3.187400981,2.299046121,0.780830389,0.219329332,0.645558737,0.138396775,0.479766158,0.024421221,0.608038835,0.039841415,0.425013324,0.017391617,0.278609746,0.004428134,0.22898507,0.004477152,1.356348378,0.122600005,0.418258479,0.019202437
15Oki06,2015,Acropora,aff.,bifurcata,Testing,4.299378241,0.30058006,-10.40516355,37989.58953,1.010962851,7.938041861,1.224477701,89.83394565,0.129260071,3.339246576,-8.318794716,119.7244189,-0.570561031,3.434965877,10.71320474,128.5514596,0.693584599,3.34790456,-6.132789777,89506.6773,0.957542402,6.896514489,3.165461859,141.4409041,0.020163456,3.005513062,-8.83456571,189.0204007,-0.402459275,3.020528923,15.07324825,186.1844047,0.451783024,3.021108852,2.277519908,0.766876511,0.204470049,0.62405298,0.114040618,0.472018381,0.027312315,0.553237372,0.028812173,0.755269156,0.112989327,0.3978046,0.018992853,0.355058772,0.01602959,1.268615359,0.115490192,0.715040869,0.102818288
15Oki08,2015,Acropora,aff.,bifurcata,Testing,5.869711989,0.233096199,-15.75321572,107724.021,1.050023021,9.315803387,1.305677079,142.9671257,0.053409483,3.586508858,-10.4353685,199.2863045,-0.733524215,3.706745808,12.92663128,208.4760699,0.79079992,3.590651619,-11.21549867,213425.7889,0.849479317,8.142020087,3.805587608,198.108234,-0.052641154,3.249449747,-10.24781435,289.4367845,-0.57549113,3.245791255,17.68887835,262.8759314,0.580257827,3.310009703,2.321197507,0.831872392,0.284372597,0.671806534,0.171652175,0.470462504,0.033821286,0.594492686,0.049015184,0.561542141,0.06340721,0.349008585,0.015378892,0.271443591,0.012895151,1.281262394,0.120169128,0.559021172,0.076409892
15Oki09,2015,Acropora,aff.,cytherea,Testing,5.640684974,0.220374758,-11.09993129,49432.11794,1.002593181,9.038802331,1.420735509,97.97012201,0.046475054,3.631415677,-8.384230152,139.2208265,-0.846398328,4.034229547,11.17131188,140.0855863,0.774599812,3.537957128,-3.073901531,73542.76713,0.889655451,7.859412531,3.134828123,121.1125129,0.022316191,3.317221744,-7.734441002,174.5995659,-0.726977354,3.714184665,13.9209589,163.3630211,0.630632107,3.191754183,2.338797365,0.754644536,0.214515079,0.61032447,0.117572531,0.459751411,0.02624302,0.560700178,0.032704139,0.656876056,0.071246665,0.37447482,0.040121765,0.299107992,0.042747591,1.232040288,0.094580811,0.612088943,0.076765949
15Oki10,2015,Acropora,aff.,cytherea,Testing,6.147144007,0.21942536,-6.935262343,50676.58455,0.858738164,8.447726172,1.961401723,105.1225762,0.124444926,3.36542467,-8.066821471,145.263825,-0.75726861,3.780377685,11.95537348,148.7979937,0.785131642,3.509410459,1.569401842,68429.57919,0.768958656,7.908402997,3.230919447,121.8773013,0.043378386,3.21417024,-7.387291696,174.3857258,-0.779675711,3.8039887,13.81421023,166.2369938,0.693022467,3.289555109,2.339664997,0.709965071,0.217694231,0.588644803,0.141690728,0.431330423,0.031699964,0.591267571,0.050013306,0.563602442,0.100531536,0.342093941,0.036877373,0.263864026,0.035593192,1.315022192,0.188647303,0.528783586,0.100514465
15Oki11,2015,Acropora,aff.,hyacinthus,Testing,5.183740493,0.228140053,-8.807313117,61661.0543,0.858927399,8.450280902,1.444560649,111.0064329,0.175945382,3.47676266,-8.790487257,158.1560289,-0.643142813,3.556411854,11.62331775,155.1136954,0.823158291,3.698834072,-3.917442956,82912.02124,0.772834973,7.964418794,2.610177637,129.6339981,0.092112336,3.283597429,-8.381686685,189.4742038,-0.643127956,3.481567182,13.53710144,175.1021512,0.740717786,3.517303928,2.346001468,0.79828751,0.257113826,0.644509407,0.144486932,0.463928794,0.030178875,0.568783159,0.030372814,0.622037819,0.082640124,0.377996861,0.028207607,0.316857554,0.025037005,1.268569995,0.147269399,0.800524354,0.108022592
15Oki12,2015,Acropora,aff.,bifurcata,Testing,8.22376662,0.150834263,-14.66045902,97292.69602,0.969432312,8.249425678,1.677731776,142.2646467,0.018203411,3.302860578,-10.3033138,196.2770976,-0.615925363,3.446866387,13.52998727,197.4486012,0.657425813,3.371438494,-7.415305014,165340.1034,0.805499663,8.125084011,4.193992359,174.7032477,-0.217176047,3.403305866,-9.005947081,271.0576888,-0.741874427,3.384014191,17.23176356,225.3334676,0.61045449,3.496223004,2.332419889,0.72219137,0.146352979,0.604824973,0.094036429,0.487922192,0.021822185,0.578903799,0.031882901,0.485477259,0.020053873,0.302664517,0.004798833,0.258677016,0.003353041,1.360570103,0.090279758,0.4585214,0.022565093
15Oki13,2015,Acropora,aff.,hyacinthus,Testing,5.439675075,0.200719238,-12.10183393,74047.57764,0.795915832,7.891119169,1.271589047,122.9204009,0.106687332,3.37202381,-9.604495466,175.1891809,-0.626165767,3.481718598,12.07379054,170.2569234,0.721190526,3.439332292,-8.794634954,109414.2058,0.737762503,7.225729247,2.705582167,153.209184,-0.062443014,3.161778497,-9.496000983,221.9574574,-0.617301314,3.311996632,14.80608037,199.6495682,0.546324551,3.222094083,2.373288823,0.725448046,0.164930534,0.600321547,0.101377888,0.492825,0.03178609,0.62604246,0.027744751,0.692459373,0.056789913,0.437728296,0.036911971,0.398091611,0.040504501,1.357816011,0.147220069,0.57935592,0.070550409
15Oki14,2015,Acropora,aff.,bifurcata,Testing,7.587367222,0.213151018,-15.12482497,59017.60267,1.008973978,7.763907604,1.484333126,111.333731,0.048705695,3.28839208,-9.369374155,147.6985091,-0.535180898,3.300281881,12.2461335,157.1909702,0.611569639,3.282596489,-2.622173781,115566.3345,0.862665571,6.851602931,4.046530877,156.8771279,-0.167512326,3.136323967,-8.63410384,218.8340984,-0.547902458,3.072174451,16.6344709,204.1604657,0.399048062,3.085454992,2.294327292,0.724544018,0.171699036,0.576147458,0.088181013,0.448968127,0.020660942,0.540276306,0.028801499,0.460841689,0.016400811,0.299605001,0.007344881,0.255679151,0.008643562,1.411461189,0.129330811,0.432928844,0.015415985
15Oki15,2015,Acropora,aff.,hyacinthus,Testing,4.278152058,0.234120371,-16.67935509,59499.63044,1.125576581,10.28120253,0.613762055,102.5020172,-0.176817647,4.118719072,-9.337686484,152.178207,-1.062137433,4.377678261,10.5067541,149.9473964,0.854796418,3.889634326,-15.00957617,158325.0222,1.146626832,8.254679741,2.146452663,183.517154,-0.113796243,3.323870514,-11.25320052,248.2076787,-0.605120493,3.24899104,15.4506494,251.6068592,0.517630948,3.191349611,2.352845806,0.921422061,0.287687777,0.756885132,0.17099374,0.565169264,0.034341662,0.701866665,0.029753301,0.795277271,0.05164158,0.469366343,0.021768184,0.41126943,0.025381661,1.243222097,0.133986134,0.858204998,0.108592563
15Oki16,2015,Acropora,aff.,bifurcata,Testing,6.400209388,0.24130965,-13.73713133,91411.79776,1.008622671,9.004103487,1.125293504,131.7650799,-0.038754813,3.613723073,-10.10506302,188.0222785,-0.807581192,3.767080593,12.29435962,189.0199752,0.721184873,3.44549955,-12.77261617,208823.2391,0.788437906,7.666074978,2.59099281,204.9103753,-0.194156164,3.223700816,-11.3745727,303.5279087,-0.636608314,3.133098349,16.47381195,263.4676719,0.437212318,3.170335722,2.327165654,0.705417196,0.164054099,0.565348212,0.084949302,0.418261238,0.019203871,0.525423623,0.026117524,0.523533796,0.025347594,0.348705817,0.014440808,0.305044341,0.011305235,1.349774236,0.138569471,0.374714476,0.040070554
15Oki17,2015,Acropora,aff.,hyacinthus,Testing,7.317839997,0.196477879,-11.90240063,70738.29504,0.884414321,8.267580775,1.49596046,119.3798137,0.088762585,3.445674269,-9.25204273,168.5534202,-0.666129227,3.52582608,12.12443669,170.4168979,0.783375876,3.547647234,-10.83933691,198413.6346,0.915407643,7.548152986,3.414479843,205.9764324,-0.185186371,3.132652957,-10.9349491,290.7727485,-0.529248767,3.020227512,17.62192749,265.1756427,0.445250833,3.193313669,2.357692697,0.945075484,0.282255899,0.782035199,0.174120358,0.591091839,0.029471207,0.66933758,0.022628252,0.549110063,0.02098222,0.374726088,0.005597026,0.304669201,0.002805441,1.314233039,0.118905852,0.501908583,0.023681275
15Oki19,2015,Acropora,aff.,cytherea,Testing,6.497754127,0.169415052,-8.304707741,20824.72134,0.963200791,9.228690062,1.657455948,64.10393467,0.263756294,3.656139031,-6.413021723,84.4627647,-0.745655599,3.926252559,9.670869526,100.0033989,0.971163894,4.004793022,-1.669904274,31298.84331,1.031720047,8.442235949,2.920308495,79.40824779,0.283781764,3.390518953,-5.938287232,101.7361533,-0.607051384,3.716557265,11.70266578,121.7512734,0.869354294,3.678840783,2.389967642,0.792574178,0.254476484,0.658313707,0.1659358,0.454974646,0.033852253,0.597363964,0.046257558,0.510412151,0.054387578,0.324856255,0.020056606,0.252709455,0.02415739,1.335807846,0.147132355,0.486021748,0.047362041
15Oki21,2015,Acropora,aff.,hyacinthus,Testing,8.558406089,0.197856737,-13.16893757,71571.33559,0.933135617,7.663847571,1.725407027,122.0661731,0.127561855,3.280059159,-9.424375713,164.7589906,-0.526588803,3.334974358,12.77613555,172.2501679,0.67072368,3.293291224,-9.870548161,159019.83,0.776091145,6.661609479,3.554053789,186.1957116,-0.145722256,3.06550678,-10.17167372,258.8655161,-0.483195491,2.944379911,17.17979834,240.229939,0.368838692,3.082932822,2.307572489,0.716395099,0.167574107,0.613352821,0.114203338,0.490247979,0.029426644,0.600621422,0.039653889,0.470471141,0.008742393,0.325389476,0.004734876,0.292228923,0.002813204,1.302303585,0.08760369,0.447421396,0.010842417
15Oki22,2015,Acropora,aff.,bifurcata,Testing,7.199261997,0.146232864,-16.9294099,64787.34498,1.021126678,9.432410127,1.798095032,111.8596749,0.118661269,3.548593379,-8.992887736,149.5709153,-0.763410485,3.884332132,12.46781864,171.6563337,0.87634069,3.785489888,-6.970044112,123680.3801,0.98380683,9.195717212,4.643602408,147.1219329,-0.000447536,3.495305677,-7.745626966,213.0296192,-0.781422092,3.783346939,16.87566837,213.120218,0.820113366,3.711332799,2.37583492,0.718837807,0.151525347,0.598755198,0.094398777,0.449480259,0.021221349,0.52107692,0.022481968,0.476156901,0.031693447,0.283341114,0.006778864,0.224288808,0.005510359,1.352506082,0.108005753,0.432925575,0.038726688
15Oki23,2015,Acropora,aff.,bifurcata,Testing,7.566616197,0.194363697,-10.98246384,62349.1824,0.875653088,8.013579802,1.601982048,116.3660332,0.104446385,3.2738803,-9.182505539,158.7674804,-0.596406685,3.401874213,12.31742274,163.2513478,0.716428487,3.462117388,-4.762136317,139059.4807,0.669785558,7.693931581,4.065856777,163.634991,-0.095503234,3.253168831,-8.666202662,245.5724151,-0.677294423,3.390592509,16.68936564,213.6788694,0.601668907,3.388592861,2.35877742,0.691273736,0.197349294,0.557020198,0.109147971,0.399979536,0.020084544,0.488267565,0.028528746,0.4284718,0.019022117,0.279185365,0.007284357,0.23381517,0.003362511,1.312574047,0.101063599,0.428459891,0.02278241
15Oki24,2015,Acropora,aff.,bifurcata,Testing,6.779755987,0.168926656,-15.30941193,57567.20299,1.046227137,9.784726297,1.594872763,102.5401958,0.170369769,3.734699962,-8.600275739,140.4982722,-0.800950058,3.983636258,11.69178416,159.6292501,0.973022179,4.007467572,-3.647615294,99894.95178,0.96903719,9.44042296,4.140954924,130.6274392,0.067609131,3.58053813,-7.242438024,188.6788428,-0.781538333,3.786081451,15.41768001,194.9517863,0.905127326,3.966620777,2.362237518,0.794167247,0.227110896,0.647230262,0.137103253,0.464470597,0.026815838,0.562874354,0.039005805,0.504048092,0.035707613,0.296487603,0.009073746,0.236288083,0.006604566,1.346539215,0.10209978,0.506360887,0.041581521
15Oki25,2015,Acropora,aff.,hyacinthus,Testing,6.61968383,0.168258851,-17.10520355,94735.85722,0.939394172,8.757042351,1.076655011,133.7050302,-0.055661136,3.591060763,-10.31536651,195.9094261,-0.759795674,3.653266602,12.39266692,185.9628633,0.705914152,3.52186489,-19.61616942,187494.4063,0.898913898,7.774468753,2.366788843,195.7048562,-0.114508161,3.229608918,-11.49685232,284.3503091,-0.575966133,3.139967181,16.14158145,255.3220944,0.495140194,3.199216668,2.374934454,0.788459654,0.185527547,0.651568036,0.114251305,0.541541793,0.034933036,0.664092302,0.031260438,0.591489553,0.029163383,0.397582903,0.010626195,0.339393089,0.00841975,1.39993255,0.113228969,0.464659073,0.031317272
15Oki26,2015,Acropora,aff.,hyacinthus,Testing,6.294840912,0.200400032,-12.86523738,68235.5135,0.893551115,8.221476511,1.239118448,116.9716834,0.114794025,3.437759717,-9.457268892,160.777687,-0.626938819,3.47234576,11.83510465,170.1309074,0.764235294,3.524113581,-11.17745079,140309.0015,0.778999097,7.117406231,3.433512759,173.5376984,-0.131208994,3.088032749,-9.814128251,246.4355865,-0.53829914,2.993476447,16.5531512,228.108961,0.474278964,3.197781323,2.378432478,0.812719685,0.262032984,0.674823307,0.161055119,0.483739243,0.028999928,0.587709397,0.03059403,0.578385912,0.041060822,0.366283289,0.008491276,0.306184929,0.004610933,1.233720721,0.088024963,0.521128897,0.029671665
15Oki27,2015,Acropora,aff.,cytherea,Testing,7.44385091,0.187473124,-9.125079023,55809.41076,0.989541435,8.950185965,1.66492936,105.0749121,0.151152432,3.581501789,-8.37354513,144.4314303,-0.740040881,3.821743368,11.62802437,153.302438,0.835278162,3.666548321,1.843664202,77554.40459,0.844280472,7.956098147,3.729086849,124.4509383,0.098916317,3.25107313,-7.20019504,176.2045722,-0.689072375,3.726221217,14.58463103,170.4882904,0.699327114,3.373600039,2.376266804,0.746944606,0.194294879,0.609166653,0.11580712,0.453889067,0.02728389,0.574331468,0.033185029,0.456034055,0.027591321,0.305799205,0.010547278,0.264709768,0.011389821,1.461272955,0.152704466,0.393140705,0.034711673
15Oki29,2015,Acropora,aff.,bifurcata,Testing,8.864865459,0.182806525,-16.66159042,92093.77587,0.961868539,8.558170182,1.564111849,140.9707165,0.014556632,3.339290838,-10.36708294,195.3104623,-0.695297841,3.564474929,13.37754223,195.1252374,0.73066841,3.523990361,-11.44244042,109875.4508,0.708610834,7.726342553,3.806511251,151.2005042,-0.168634156,3.286486679,-8.708895397,228.2864937,-0.781179169,3.605882305,16.13397795,195.1952703,0.643076103,3.434104392,2.280375854,0.704808751,0.172908717,0.571752083,0.098161027,0.479209809,0.033166523,0.643995577,0.054894578,0.423742354,0.013808887,0.302888104,0.008876036,0.245224781,0.011321853,1.40323675,0.092566287,0.371912153,0.023871011
15Oki40,2015,Acropora,aff.,hyacinthus,Testing,7.276013361,0.205366295,-6.016572523,16552.22837,1.024685335,7.583475873,1.536526079,59.38283822,0.122813219,3.179316986,-6.341608388,76.68029741,-0.42059156,3.168262915,9.333331174,83.43035089,0.607123978,3.275054277,-2.329880249,39577.46793,1.098593061,7.471791133,2.960606646,92.21400537,-0.106354052,3.103278565,-6.765880829,117.1702675,-0.414400468,3.008533697,12.58145039,125.960572,0.40036349,3.180146896,2.299169284,0.819019944,0.172873311,0.684108548,0.107879661,0.597170163,0.035887793,0.735873398,0.019390336,0.507127664,0.011620198,0.380731092,0.005969875,0.336899925,0.007785288,1.475650626,0.102969712,0.457965216,0.024863939
18Oki01,2018,Acropora,aff.,hyacinthus,Training,3.68445507,0.269827289,-3.097378805,9773.759924,0.937331424,6.743438869,1.089979662,47.54621281,0.302021737,3.083251145,-5.768429988,63.63352093,-0.243647138,3.035547687,7.916874459,61.65238621,0.605615772,3.166513225,-1.592648894,13094.19277,0.973767382,6.773310489,1.892603725,54.44732053,0.250937648,3.040603941,-5.441263075,71.53363475,-0.268884439,3.028226727,9.185574461,71.70939014,0.592291712,3.166700469,2.29866486,0.93892558,0.336507814,0.76915581,0.195268404,0.584745019,0.045290675,0.721047837,0.040090023,0.858712376,0.112719255,0.576915463,0.074905202,0.499443081,0.087182925,1.260402818,0.133602842,0.876059708,0.127425808
18Oki02,2018,Acropora,aff.,hyacinthus,Training,3.188489061,0.324385885,-3.029978057,16640.55477,0.865944725,7.0066374,0.915381825,63.25508999,0.195510821,3.094499631,-6.824418524,82.83981258,-0.369929444,3.011595842,8.616949407,85.3446475,0.640468728,3.313856166,-0.813726576,30482.58862,0.824279251,6.754565175,1.98978036,85.8281885,0.020453271,2.972547393,-6.990356268,109.3704367,-0.405443623,2.947444683,10.91862734,117.5562217,0.485330005,3.108227594,2.256049594,0.988056589,0.445697874,0.817412635,0.262539722,0.595452595,0.054424974,0.711729496,0.050884319,1.135152133,0.172670264,0.694900326,0.13720474,0.535920808,0.099824886,1.163538087,0.1923534,1.048623222,0.155654878
18Oki03,2018,Acropora,aff.,hyacinthus,Training,7.514923154,0.185969885,-4.841098398,11719.66837,1.013373437,6.999029193,1.761825942,49.61483942,0.24477698,3.097998679,-5.530197238,64.86093087,-0.259023776,3.051436138,8.990840497,66.94241093,0.563910343,3.154550063,1.770653137,25377.26624,0.855733865,6.411224053,3.534312918,73.15716994,-0.128078143,2.955281164,-5.273869962,99.01871487,-0.392485549,2.919170465,12.22598584,93.23130897,0.287162515,3.058227618,2.311762385,0.918572331,0.215892491,0.762822301,0.131622051,0.653341925,0.016187809,0.727533793,0.02002253,0.55045274,0.026667105,0.376232067,0.00428987,0.296638457,0.008002735,1.421337818,0.135312702,0.511443765,0.025191157
18Oki04,2018,Acropora,aff.,hyacinthus,Training,5.850567126,0.220754668,-4.064913557,15730.98831,0.947545666,7.346429313,1.405496262,58.48948176,0.301774053,3.168165925,-6.184343891,77.71446465,-0.288684723,3.173962336,8.963065741,78.1606608,0.63622219,3.286794582,-2.785236303,26555.8022,0.877692868,7.197094838,2.311124123,74.98899005,0.165046186,3.047645504,-6.283999555,102.1881282,-0.35114131,3.121770413,10.84040251,99.17300025,0.580024558,3.258821531,2.342807631,0.80200971,0.217720704,0.658531451,0.128512253,0.525866365,0.040053562,0.635754051,0.039940732,0.661889099,0.058638366,0.41676671,0.026219705,0.3421688,0.029853519,1.272239988,0.163302693,0.511986625,0.044616099
18Oki05,2018,Acropora,aff.,hyacinthus,Training,6.433059831,0.172662475,-6.636699008,18065.59057,0.852038375,7.895004065,1.659269738,58.52510241,0.161348318,3.373997576,-6.060525602,82.2034534,-0.528593809,3.438927389,9.329307258,80.91470472,0.686974804,3.418792799,-0.359235571,27495.89939,0.756768287,7.064102625,3.224579277,72.45930057,0.005159824,3.134401143,-5.320403194,105.6617979,-0.540012353,3.310591754,11.67719361,94.46287782,0.534265822,3.260319573,2.333642756,0.777113599,0.233310308,0.587944155,0.125283661,0.463268551,0.036019831,0.639498585,0.033220603,0.519350995,0.088869133,0.332031149,0.031941992,0.243531599,0.042635249,1.415123955,0.132711406,0.334813373,0.043891592
18Oki06,2018,Acropora,aff.,hyacinthus,Training,4.358604804,0.276629283,-4.071369385,20116.86411,1.029883646,7.683561543,1.169343718,64.86016683,0.293583364,3.281772756,-6.7297013,84.61787679,-0.327619413,3.255228222,9.006235529,90.28396009,0.662516683,3.264318973,-2.677924168,31578.88075,0.999029099,7.237589785,2.062691432,82.91834467,0.113959605,3.069471731,-6.936912891,108.3769355,-0.334950636,3.064603556,10.99078319,111.5924624,0.507863842,3.106449121,2.267916391,0.855917511,0.245498393,0.711880831,0.161104057,0.544660286,0.051184963,0.647373931,0.041715793,0.903941432,0.126633265,0.510278155,0.044056933,0.421977098,0.051397308,1.194299403,0.149677864,0.85013734,0.12888637
18Oki07,2018,Acropora,aff.,cytherea,Training,6.695645392,0.215708263,-4.105198657,12027.36194,1.009110577,7.59425737,1.904310648,50.49011296,0.373509655,3.117511261,-5.307354345,65.79075993,-0.257515134,3.279408089,9.092594764,69.5423805,0.651993378,3.153586308,3.239091731,16939.24972,0.792103515,6.385574514,3.19141161,57.81318011,0.157505702,2.8686007,-4.392653971,85.46113552,-0.361625172,3.202275965,10.7657338,69.25936875,0.492764455,3.075258627,2.301709261,0.786137556,0.191804699,0.662269588,0.122892194,0.501075397,0.026657097,0.59157071,0.024250827,0.561920489,0.079553436,0.332299325,0.035794276,0.204266629,0.050270703,1.391719873,0.128981516,0.472298195,0.075558267
18Oki08,2018,Acropora,aff.,cytherea,Training,6.985711508,0.199629519,-3.634422434,12731.30742,0.881720155,7.26711434,1.794943757,52.81882626,0.330057411,3.049965704,-5.505533541,71.24729147,-0.263111292,3.152244785,9.082061242,69.69119115,0.640765169,3.223797732,-1.191975311,16913.69475,0.523269766,6.851393697,2.916499533,58.01067773,0.176638152,2.993135849,-4.680371815,85.48123584,-0.465514253,3.308171412,10.51661944,72.53667645,0.61649857,3.284418788,2.313870972,0.762286151,0.193330447,0.624785492,0.118369053,0.505901282,0.034421031,0.640544479,0.04764234,0.528873169,0.043409693,0.332361389,0.01991679,0.239050426,0.02867747,1.375106269,0.114565922,0.46312948,0.044948161
18Oki09,2018,Acropora,aff.,cytherea,Training,4.307752249,0.221928926,-4.326054399,9366.359778,1.062026631,8.095343625,1.225310462,44.30048345,0.345492609,3.367666161,-5.483715006,56.52765969,-0.356182936,3.39404291,7.907770995,63.84490762,0.75507903,3.492260041,3.18013515,19295.97762,1.059815142,8.013640837,3.126526713,61.16264142,0.3016524,3.189015847,-4.571826101,81.45960098,-0.359716122,3.354226796,10.78369453,84.62259479,0.73348784,3.488645044,2.353114301,0.838828709,0.300515901,0.672011675,0.160385119,0.458293921,0.028105436,0.58362594,0.040697125,0.705536612,0.096961965,0.409313323,0.058290042,0.25067829,0.063480263,1.259729453,0.160005266,0.554609566,0.049668822
18Oki10,2018,Acropora,aff.,cytherea,Training,4.15946605,0.242883667,-4.276195993,6607.453195,1.142557831,7.878146049,1.140164922,37.45297788,0.279814722,3.322488743,-5.139280864,47.63472457,-0.383103841,3.396098077,7.398949935,52.92274423,0.65962056,3.293479716,8.57781733,10505.21048,1.354622906,7.465640045,3.242837263,46.68153431,0.307884256,3.04826652,-3.419518749,58.43608543,-0.235646214,3.273571848,9.85851009,62.14342842,0.599103936,3.214241756,2.347860881,0.852610621,0.255099598,0.689604037,0.148449717,0.439773946,0.018214444,0.54480212,0.02525433,0.797617655,0.132988386,0.377572516,0.058880705,0.213042341,0.082972076,1.176835635,0.163623967,0.825294189,0.153387019
18Oki11,2018,Acropora,aff.,cytherea,Training,3.292598722,0.321656946,-2.917930348,6554.503027,1.00450992,7.94789941,1.150936656,38.67839614,0.147518334,3.293799952,-5.079676646,51.01028439,-0.632837294,3.52669319,7.368507304,54.73842796,0.717213909,3.409554872,4.734383641,6854.656587,1.301865146,7.848283802,2.189931733,39.55679228,0.210877158,3.140118747,-3.815544948,50.06331997,-0.511118609,3.498736218,8.164832069,54.80931918,0.653203355,3.183591002,2.255412853,0.882306656,0.271487693,0.68782039,0.120822024,0.426100556,0.023551945,0.593198947,0.068407795,0.986581995,0.163109552,0.525168407,0.202499453,0.355215607,0.28243838,1.151118096,0.234953408,0.91383557,0.176797735
18Oki12,2018,Acropora,aff.,cytherea,Training,7.166445342,0.189375732,-5.268063729,12101.49434,1.09490731,8.038566383,1.737599405,48.51117394,0.351632851,3.379787386,-5.412952293,62.36671026,-0.317628625,3.316460132,8.865042034,69.81695448,0.720245196,3.401428796,2.245517438,24033.71969,0.748741482,6.687551857,4.080949365,65.48869574,0.179290148,3.022086206,-4.226078562,96.24883921,-0.414646958,3.225389346,12.3710718,82.03109581,0.59553478,3.213218004,2.346621076,0.768212773,0.191457718,0.632735681,0.115570083,0.509520442,0.031384492,0.610811135,0.032177618,0.476155966,0.022886395,0.297863631,0.008106485,0.195684041,0.017664476,1.426375895,0.104085134,0.416579043,0.025561612
18Oki13,2018,Acropora,aff.,bifurcata,Training,7.991407063,0.175455337,-3.431938014,6853.465273,0.969922582,6.690578068,1.926804736,38.78897179,0.257994712,2.965134087,-4.597774701,49.09915303,-0.253681404,3.119590121,8.39689692,53.5488736,0.563990119,3.057065075,12.26492655,11744.8086,0.718234359,5.321706026,4.107370014,50.92341659,-0.162165132,2.824031486,-3.059613188,69.97625546,-0.46976259,3.034789014,11.2254317,62.99807735,0.296563338,3.018417995,2.307132815,0.724281359,0.142046619,0.609290043,0.091507837,0.490933067,0.020876169,0.57271085,0.024949318,0.496743413,0.02194066,0.276200769,0.006673505,0.158617401,0.018063985,1.41567034,0.103982987,0.414542064,0.037716523
18Oki14,2018,Acropora,aff.,bifurcata,Training,7.820302447,0.18108862,-15.92623753,122464.6659,1.063027848,9.385855927,1.708291334,150.1915853,0.074097333,3.579456051,-10.31317756,213.4852468,-0.702528108,3.665272617,13.63501594,213.8981704,0.775311116,3.586577515,-12.91800839,205285.0479,1.051309992,8.82586286,3.72815965,193.2599152,-0.052652605,3.339778769,-10.16572186,279.3606681,-0.604935507,3.377386119,17.51959573,258.7286827,0.592916376,3.36742573,2.32184743,0.713483461,0.155376197,0.596587619,0.101510935,0.472856295,0.027515756,0.563311854,0.028092948,0.501933067,0.029506155,0.310188014,0.006602112,0.251753094,0.004091034,1.295378765,0.12958828,0.458229485,0.039198898
18Oki15,2018,Acropora,aff.,bifurcata,Training,6.29377368,0.183852996,-18.02402791,126836.5305,1.00442613,9.913979012,1.226880679,146.1826713,0.075221215,3.875520584,-10.42402464,212.3917242,-0.871735074,3.979496299,12.80363424,220.1578501,0.907725828,3.775303062,-24.23453964,303178.4693,0.902141212,8.384095652,2.448923837,238.2561415,-0.091867317,3.322039473,-12.69833025,351.0955339,-0.648358138,3.363374261,17.50138995,316.2898521,0.526497126,3.186575167,2.369339926,0.77328278,0.20492536,0.616097914,0.107715038,0.518470356,0.043195311,0.645400653,0.038815157,0.643016853,0.039070589,0.424769555,0.011182409,0.367301335,0.012822809,1.388113053,0.146034506,0.396105961,0.062322979
18Oki16,2018,Acropora,aff.,bifurcata,Training,4.691369625,0.231201917,-15.10099636,92184.38077,0.977229754,8.726497837,1.315325951,133.8408761,0.166853373,3.463679894,-10.09934783,182.1043471,-0.603695183,3.51438604,12.65611934,196.2309094,0.780123031,3.502643305,-18.80983054,215299.4709,0.960540364,8.058311246,2.839268481,206.8430788,0.034552132,3.166987256,-11.4716706,283.1564694,-0.458676645,3.147288387,17.04375744,283.8880555,0.533227967,3.152471133,2.323303385,0.765905327,0.221083491,0.62106275,0.123492027,0.500463118,0.044064662,0.644905107,0.033780513,0.763604898,0.100192017,0.501934284,0.069189064,0.43423478,0.069479509,1.274732737,0.169192625,0.595812625,0.14835213
18Oki17,2018,Acropora,aff.,bifurcata,Training,7.813767534,0.15141148,-15.67265073,139241.1623,1.074740758,10.29862766,1.919063211,150.6412927,0.123820176,3.861834858,-9.930847178,216.8452233,-0.825147577,4.047269588,13.63144197,227.7699673,0.91178016,3.77568261,-11.70659431,280969.8876,0.890091171,8.81471842,4.073365836,219.7892702,-0.111373749,3.462232255,-10.3829769,335.06079,-0.734597685,3.571555523,18.37493139,295.5632143,0.648930323,3.391584734,2.376480846,0.845703104,0.233630462,0.700615246,0.153571621,0.51198067,0.026966708,0.595377641,0.030792455,0.503422168,0.047024047,0.307359746,0.007233234,0.234812605,0.003766006,1.310525019,0.126248782,0.482408912,0.036950863
18Oki18,2018,Acropora,aff.,bifurcata,Training,8.614115032,0.183630875,-13.08989877,98057.37985,0.980320704,8.593486562,1.969744984,136.9550083,0.076353066,3.449414041,-9.635438082,191.2313685,-0.636562266,3.541694835,13.46582086,194.1431849,0.713116166,3.441732906,-3.85825916,147366.5308,0.823387554,7.661038138,4.592407915,166.1077862,-0.102874158,3.230750234,-8.45683583,247.0728948,-0.61062987,3.309548891,17.51041663,214.7906069,0.535419437,3.31964017,2.308052864,0.751296032,0.167634192,0.614277673,0.108162942,0.498975691,0.02013688,0.58974556,0.021899257,0.454331416,0.019770866,0.283803737,0.005309505,0.236741524,0.002813913,1.377448652,0.11847529,0.421063736,0.023258606
18Oki19,2018,Acropora,aff.,hyacinthus,Training,7.351440611,0.200981258,-5.954562268,18456.84975,1.118861923,7.984650585,1.69829739,59.04860992,0.230213763,3.381960671,-6.102250568,80.99338038,-0.425755297,3.351639863,9.438579942,80.75811855,0.664262696,3.327243738,-3.150484332,38757.1829,0.941097635,6.994645349,2.878380023,89.67205858,-0.137129968,3.114848827,-6.684858304,126.4209308,-0.465370779,3.034009006,12.36090996,111.2206555,0.339631923,3.163286284,2.304002589,0.826142485,0.205573368,0.698417059,0.133041921,0.587083723,0.050771875,0.734272213,0.044268958,0.527729209,0.020456397,0.38006095,0.008850913,0.327345367,0.0127497,1.460300386,0.1157272,0.48827324,0.021351748
18Oki20,2018,Acropora,aff.,hyacinthus,Training,5.633177666,0.210720776,-4.100648156,18005.4778,0.916699876,7.805049885,1.286404911,61.66682706,0.268732345,3.279889963,-6.411442013,81.16724316,-0.428975469,3.354358354,8.920710312,87.20481132,0.736917763,3.412553813,-1.924718412,31560.39468,0.861217015,7.438803316,2.055832336,82.80055584,0.045044721,3.141012396,-6.757450171,109.9203609,-0.497517969,3.263192298,10.81131646,114.5545936,0.577226476,3.25359831,2.346337685,0.813737704,0.288769338,0.638459614,0.145446245,0.506774214,0.04158729,0.632432878,0.040121917,0.66262977,0.052118244,0.446351998,0.02341029,0.38157272,0.024987427,1.347962627,0.175821324,0.700722982,0.050132412
18Oki21,2018,Acropora,aff.,hyacinthus,Training,7.941100646,0.178269328,-5.193529473,19814.22995,1.036747687,7.529100963,1.799980478,62.68238151,0.180019558,3.276847058,-6.175092524,87.19394196,-0.412201599,3.238837986,9.714479236,82.83278747,0.60930648,3.262447142,-2.64748336,36731.10528,0.877652221,6.91026114,2.910493698,88.27108808,-0.091382323,3.03956181,-6.562744331,129.3318305,-0.453080135,3.000104809,12.30467109,105.1948216,0.404736598,3.257713504,2.325989558,0.801629016,0.199297397,0.675730462,0.127815427,0.586979754,0.033256973,0.704731811,0.036639607,0.495790878,0.016186672,0.365270173,0.007452254,0.337703935,0.009663633,1.497110363,0.099209699,0.461715855,0.019301903
18Oki22,2018,Acropora,aff.,hyacinthus,Training,4.592880969,0.263555824,-4.905393562,21161.95043,1.100880714,8.150406068,1.116479953,65.69983469,0.220742384,3.352530266,-6.86429626,87.79164038,-0.428951559,3.361370729,9.047799488,90.63468804,0.667741886,3.29972525,-3.551418468,29682.85022,1.008476936,7.584314909,1.900078308,79.55931213,0.091264684,3.151020988,-6.907589856,107.4554692,-0.426273088,3.241524577,10.63664573,105.4849522,0.550452942,3.169031609,2.303429377,0.808387864,0.283825541,0.677113535,0.185683922,0.491168062,0.04655307,0.632650836,0.029644223,0.716881477,0.134120152,0.447010828,0.028111504,0.384227267,0.031744837,1.13535431,0.148143696,0.533161016,0.044439621
18Oki23,2018,Acropora,aff.,hyacinthus,Training,4.46480687,0.23282847,-4.718722669,19602.75556,0.866094558,7.357353092,1.001318199,65.21655054,0.10358888,3.171152697,-6.904015694,92.87815943,-0.443115237,3.129352501,8.852752107,84.35190399,0.596534556,3.317667644,-3.574159446,27657.46986,0.818907493,7.40705455,1.751215501,77.51772165,-0.017319552,3.114965784,-6.864598718,110.402649,-0.516949599,3.139277691,10.29845943,100.2549418,0.542379237,3.28832257,2.29260837,0.801091093,0.251548967,0.646560511,0.135116836,0.576862095,0.07099996,0.734211235,0.068313855,0.84865973,0.089300653,0.570243978,0.045083691,0.533862266,0.059948582,1.350668154,0.142488798,0.555592713,0.051716923
18Oki24,2018,Acropora,aff.,hyacinthus,Training,4.363998325,0.243288387,-11.8834147,84955.70697,0.975937353,8.826918747,1.061847052,127.4306724,0.110193768,3.576212138,-9.855945384,181.9796317,-0.675562975,3.652787004,11.9111442,178.4570049,0.761504145,3.55093728,-10.09073727,119622.0456,0.895658404,8.508110114,2.253108733,148.8400858,0.033968894,3.512024275,-9.492762764,215.8030928,-0.687610356,3.578639902,13.90246772,207.5590355,0.713735431,3.476699481,2.311317838,0.720778332,0.167967831,0.592351642,0.095711194,0.49074955,0.028075136,0.616280487,0.026504095,0.783197215,0.085097892,0.442076735,0.040166785,0.374348598,0.032876173,1.31509867,0.118975718,0.513019612,0.05532834
18Oki25,2018,Acropora,aff.,cytherea,Training,3.465937347,0.240677109,-2.639287069,12034.21793,0.943127565,7.989172654,0.917142844,50.67742293,0.308956939,3.323045433,-5.987991693,67.61634127,-0.428932389,3.48708322,7.828704241,70.26546398,0.70552953,3.28721425,1.059837887,19857.36789,0.815502374,7.501798,2.086221957,64.56896689,0.28373477,3.073707622,-5.548758375,89.80748349,-0.394685362,3.397822818,9.726055379,85.29603108,0.612552242,3.054059418,2.346376798,0.897049774,0.341534476,0.730639031,0.197007016,0.501906587,0.037977078,0.636709014,0.035018287,0.954321782,0.175429363,0.537449027,0.099860161,0.401476572,0.121321787,1.232307598,0.179111148,0.906384373,0.216375636
18Oki26,2018,Acropora,aff.,cytherea,Training,4.432866027,0.227003787,-4.967661449,9384.79232,1.02997483,7.551196546,1.343163931,44.26323081,0.298971179,3.242098711,-5.481411408,56.77054861,-0.307681224,3.271144543,8.14725393,62.63066879,0.649894022,3.259912198,4.885504991,16555.8599,1.115116934,7.129299761,3.218637079,57.83211163,0.295698209,2.998917268,-4.312305239,75.60270645,-0.179741287,3.104792668,10.73203603,77.44137469,0.568331935,3.144397914,2.310997035,0.88313101,0.297259084,0.709379895,0.148140461,0.474712911,0.029022648,0.627448133,0.048689064,0.781693807,0.118835731,0.410933867,0.079791784,0.242032504,0.090145484,1.330953505,0.155684965,0.86022668,0.142086604
18Oki27,2018,Acropora,aff.,cytherea,Training,6.137983162,0.180003595,-4.490554404,8982.892551,1.102810063,7.902923031,1.597429697,44.16389464,0.364801614,3.216091376,-5.16354686,55.57936302,-0.277513306,3.316917947,8.33443515,62.579542,0.677166152,3.238428252,8.069937951,14836.6024,1.223870231,7.324413235,3.703061445,53.10536765,0.254969342,3.03807999,-3.531734467,70.23822067,-0.2543011,3.288188607,10.88175512,69.7294369,0.582211667,3.26736774,2.371703632,0.861435206,0.29271529,0.708567279,0.177954897,0.480337275,0.032404137,0.610455847,0.048648547,0.539987498,0.052822655,0.312790444,0.025228485,0.156370276,0.037471639,1.324199401,0.124173663,0.58783699,0.069374534
18Oki28,2018,Acropora,aff.,cytherea,Training,6.341944673,0.209416922,-5.320038702,11599.485,0.96406268,7.682627107,1.494047957,49.42994944,0.244303527,3.207678343,-5.676731058,64.64369167,-0.368252474,3.265514048,8.629870705,69.11111242,0.653339834,3.309462944,-0.27772865,18875.39279,0.86819237,7.19663623,2.993191005,61.95354704,0.204930374,3.045390436,-4.928884575,84.1104098,-0.34363855,3.182751049,10.90820086,83.78750452,0.625320375,3.296610257,2.323364026,0.811847563,0.232516548,0.675139126,0.155804137,0.549835972,0.047979305,0.703818654,0.064584351,0.587285156,0.056659229,0.373316226,0.020905035,0.267643856,0.030388401,1.439677327,0.112839521,0.534520976,0.05671967
18Oki29,2018,Acropora,aff.,cytherea,Training,4.252666158,0.254273088,-4.117318805,7509.001219,1.111615489,8.418855966,1.149567858,39.19485472,0.114533931,3.493384697,-5.20955597,52.46040919,-0.639555517,3.601418645,7.494596257,55.25851511,0.710159245,3.52015733,3.769736961,15113.33677,0.928947582,7.653028818,3.08430056,54.90905583,0.137524633,3.209342593,-4.233935412,75.55879374,-0.588015743,3.623316559,10.39227473,73.90944883,0.662312285,3.374127678,2.285469833,0.907415376,0.333843566,0.731467135,0.199333153,0.498737314,0.038819677,0.705148748,0.07722676,0.784984239,0.155393909,0.419980658,0.05832764,0.256936029,0.052663592,1.358450315,0.166406354,0.542647619,0.049765228
18Oki30,2018,Acropora,aff.,cytherea,Training,8.056210952,0.14043061,-5.009862466,6591.066647,1.117650665,8.244115495,1.957352532,35.94121708,0.319328858,3.299332465,-4.36658471,45.68948749,-0.420912123,3.53510934,8.26965243,52.64616176,0.663758953,3.202766729,11.87410589,12350.18188,1.169251036,6.779379581,4.61871172,43.81320565,0.215857792,3.075058797,-2.267921421,60.89554205,-0.341179944,3.420801677,11.48843087,56.02814442,0.550761827,3.242067306,2.370375676,0.831911146,0.258156764,0.684323293,0.157655729,0.488950568,0.023485259,0.593420146,0.024565121,0.453597668,0.025697026,0.257302674,0.013024848,0.121734561,0.021075267,1.382191207,0.08480458,0.388178702,0.042182028
18Oki31,2018,Acropora,aff.,bifurcata,Training,6.392775026,0.185830564,-7.268406858,30849.96681,0.921852774,8.326166425,1.728479528,76.62037419,0.277803899,3.253166503,-6.991460711,106.5350177,-0.401539105,3.369924173,10.36719519,106.1968029,0.734071651,3.436431873,-3.591941048,79760.93598,1.044370862,8.327588756,3.719074628,116.8485576,0.027663732,3.185381598,-7.100031151,173.4795836,-0.419990483,3.19793829,14.40418919,148.8568755,0.53419908,3.270521316,2.363736422,0.76706001,0.183502533,0.619498921,0.106037526,0.520964059,0.034079619,0.647346931,0.033894526,0.610537309,0.053413931,0.358790199,0.012975002,0.282246945,0.02148483,1.470874776,0.103075005,0.544377333,0.049173219
18Oki32,2018,Acropora,aff.,bifurcata,Training,6.315787073,0.175625513,-5.567114547,13717.44135,0.979502726,7.483892302,1.496864824,53.90456992,0.334630305,3.156272949,-5.941365205,70.35937568,-0.254749181,3.185158947,8.888912122,74.63589825,0.660070432,3.237080485,1.001128448,25150.01494,0.792347903,6.841106419,3.342505549,72.22993234,0.043474834,2.934157456,-5.208822726,101.6161577,-0.403854241,3.066909578,11.8174743,93.04109261,0.506137589,3.208312069,2.322392776,0.800441795,0.210857182,0.654938327,0.122131125,0.54567909,0.032326348,0.691447066,0.038922567,0.58603068,0.050818561,0.335200174,0.011562872,0.247519768,0.019223238,1.388708865,0.122465589,0.541058495,0.063112819
18Oki33,2018,Acropora,aff.,bifurcata,Training,5.808141534,0.20807835,-4.113006068,6976.229117,0.87226769,6.440375579,1.353138426,40.23874899,0.187155781,2.974518679,-5.183318142,53.30252628,-0.304984341,3.021762333,7.853333673,53.02213059,0.534133144,3.084347791,0.74810724,10914.08817,0.823068694,6.223252819,2.891981768,48.83548022,-0.00304441,2.94560049,-4.318079532,67.24452593,-0.451586786,3.081877946,10.03566722,62.87658618,0.47042603,3.120703824,2.317540293,0.830186422,0.191986935,0.694676911,0.119380515,0.538364815,0.030329979,0.761043911,0.070619864,0.582131409,0.031848382,0.401396371,0.017463403,0.345781586,0.030160861,1.457577795,0.113273123,0.463112728,0.046555436
18Oki34,2018,Acropora,aff.,bifurcata,Training,6.295382473,0.24562757,-8.768998773,48970.36885,1.228673145,8.704578612,1.396669302,97.95809769,0.159863586,3.268176679,-8.478363817,134.1198828,-0.371808224,3.24737555,11.20371243,128.8037807,0.60306555,3.315106316,-4.738252929,82469.65609,1.077467519,8.153523739,2.712946812,127.6866985,-0.073458663,3.161097828,-8.349029473,188.0886531,-0.484326738,3.197008246,13.70858202,153.2271623,0.453590236,3.260526416,2.289928899,0.726024711,0.181217822,0.587008021,0.088344965,0.521430629,0.055150919,0.740613274,0.040502388,0.623991972,0.027802737,0.443123531,0.019215317,0.37778742,0.030556256,1.498120861,0.150465836,0.441827901,0.035019903
18Oki35,2018,Acropora,aff.,bifurcata,Training,4.444899996,0.218111731,-20.51210535,154364.2331,1.130082817,9.61049852,1.460294408,167.8687935,0.094990321,3.564476966,-11.38197339,233.4978496,-0.65498777,3.65393803,14.20261176,239.7579801,0.751503194,3.575049344,-18.8490797,233580.6144,1.15208423,9.235034781,3.104516492,206.0236245,0.042686488,3.379403453,-11.22657352,293.8871995,-0.560839256,3.412592392,17.29575136,279.7712239,0.647663122,3.4454221,2.324467707,0.797158621,0.231280642,0.638667785,0.129617939,0.438449529,0.019197368,0.5398895,0.017660251,0.803221098,0.20359657,0.387090686,0.049687658,0.303976303,0.034653582,1.211698779,0.165190804,0.712664309,0.239167567
18Oki36,2018,Acropora,aff.,bifurcata,Training,8.970570343,0.156737448,-20.39042608,154787.856,1.056474088,8.450473032,2.074942702,173.2733504,0.060986119,3.31526459,-11.23193973,244.1950727,-0.536073969,3.37792363,15.27864548,232.0352869,0.611769225,3.307783522,-19.52375264,193690.6537,0.87732411,7.779535805,3.294986508,194.604289,-0.133854045,3.218424895,-10.89045255,293.4467873,-0.583183949,3.235065505,17.3565833,240.5346935,0.466790708,3.299890213,2.322317742,0.701736905,0.163035713,0.566363533,0.086909116,0.458612265,0.025170472,0.63565146,0.034675661,0.474872548,0.024942594,0.312230151,0.005898755,0.29256564,0.00679935,1.534779871,0.090463769,0.373058369,0.033279068
19Oki12,2019,Acropora,aff.,bifurcata,Testing,7.609068781,0.207884419,-7.605191392,58630.1834,0.874271397,8.214390487,1.820624966,108.7072806,0.164807677,3.373136005,-8.393224305,151.1190077,-0.610647299,3.554749749,11.97450256,154.0625463,0.743298253,3.436862764,0.442930974,91934.36056,0.678518583,7.459956712,4.076699614,132.6668799,-0.09136251,3.274053776,-7.3426954,201.999044,-0.730452941,3.54345579,15.38441231,171.9241001,0.610713268,3.367365743,2.306750095,0.657469623,0.118128537,0.546428779,0.071336759,0.434382458,0.020758997,0.532615936,0.023553288,0.425009503,0.01999473,0.276238928,0.004735482,0.239019358,0.005283861,1.361098485,0.10346975,0.426153521,0.03245644
19Oki13,2019,Acropora,aff.,hyacinthus,Testing,5.722364606,0.245080053,-5.219749323,21995.08268,1.063370869,7.748607504,1.482084449,66.73299982,0.319921871,3.261351365,-6.655751678,87.35899203,-0.249554798,3.209057456,9.551763094,92.29760731,0.657918051,3.289952916,1.704367138,47996.32528,1.011707846,7.099272739,3.450644509,97.88087585,0.07727895,2.990503471,-6.400194009,133.3522427,-0.259747704,2.975907497,13.19917219,126.6796102,0.44486704,3.145611113,2.292537195,0.867685927,0.225108434,0.71096415,0.130262728,0.570420935,0.030869964,0.692467823,0.018659028,0.689129243,0.078640339,0.37461386,0.007740588,0.320121779,0.008562592,1.368397907,0.0936809,0.596771406,0.059107699
19Oki14,2019,Acropora,aff.,bifurcata,Testing,9.310700508,0.20870554,-26.5790369,377183.4342,1.517794739,11.13004038,1.55008858,254.4008598,-0.119860003,3.724668173,-14.0361265,361.3216057,-0.696072693,3.653238553,17.0590706,341.5712852,0.602837996,3.583478005,-29.95190818,628587.6915,1.379353224,10.14499013,3.694151149,326.7784438,-0.195076853,3.47753767,-14.191725,485.656448,-0.57382097,3.260052553,21.50563448,412.5886075,0.474209994,3.566828493,2.299160101,0.667452991,0.140828093,0.536067611,0.074994791,0.420500834,0.016102772,0.480087205,0.018136968,0.416816396,0.012546014,0.274578173,0.003699696,0.239144747,0.002333052,1.367013632,0.094401534,0.388123076,0.018411924
19Oki15,2019,Acropora,aff.,hyacinthus,Testing,7.26573676,0.223372937,-4.78097385,17437.91309,1.11818878,7.802833565,1.724160931,58.8213869,0.346680597,3.348623031,-5.924480476,79.43723156,-0.288935102,3.287606292,9.336526694,78.89782694,0.666465957,3.278137148,4.374669427,32573.34851,0.944874049,6.365847551,3.674119094,82.79064173,-0.00276339,2.965173018,-5.454637199,120.1707206,-0.363653055,3.010139782,12.71846384,95.84721888,0.388896316,3.156447794,2.267737923,0.910671403,0.218839372,0.750277831,0.123736084,0.620311648,0.028281642,0.709081944,0.016356638,0.538693131,0.014701702,0.351737622,0.004745828,0.283594706,0.011661515,1.37631832,0.086591814,0.474105128,0.015465632
19Oki16,2019,Acropora,aff.,hyacinthus,Testing,5.615969117,0.267038184,-4.217097185,12256.81988,1.111352873,7.384685563,1.346017388,50.54923149,0.21618932,3.316024687,-5.79543819,68.81867,-0.384457367,3.197181793,8.459453692,66.79257676,0.610184716,3.267552122,1.594736418,20226.2658,0.86903258,5.926009917,3.088629003,67.32132143,0.040957876,2.889245913,-5.201476174,94.594738,-0.31009605,2.825341953,11.31346987,80.21932821,0.412182307,3.10701769,2.290925614,0.811489666,0.193446435,0.687483919,0.131273425,0.564882958,0.029612597,0.708778974,0.028302007,0.720757878,0.060308015,0.418837933,0.010958367,0.366008004,0.018929068,1.380028467,0.107257802,0.663391539,0.061201497
19Oki17,2019,Acropora,aff.,cytherea,Testing,9.462885851,0.182892001,-12.205915,47079.27714,1.065618657,9.383431215,2.454693548,91.22944524,0.226545739,3.678287464,-7.331129342,122.9378486,-0.749021457,3.973468875,12.11539298,142.4298653,0.925070955,3.814251674,9.339049731,85505.37193,0.75880362,7.864691752,5.874689353,114.9106729,-0.052343809,3.528230618,-5.246666609,177.9025196,-0.880298187,3.985969016,16.82680519,162.1445097,0.8047438,3.644204321,2.29466774,0.726537631,0.191633909,0.594407324,0.120296002,0.432150586,0.022639066,0.518016443,0.029208959,0.375010292,0.017753673,0.223758498,0.004197911,0.173253882,0.003748263,1.471576639,0.126546471,0.36738278,0.022630296
19Oki18,2019,Acropora,aff.,cytherea,Testing,6.966131147,0.195659559,-4.030309055,10542.84088,0.961987622,6.907134937,1.69379108,46.47123732,0.350890718,3.061607044,-5.265774518,62.92824725,-0.187095202,3.136765722,8.637521589,61.28342605,0.557606671,3.002942692,4.537011969,18228.87009,0.858878121,6.054779198,3.275464942,59.7860343,0.223573155,2.805513027,-4.401735536,88.21046296,-0.198787174,2.899540038,10.94589924,70.08884035,0.43259151,2.969227137,2.326491921,0.753943188,0.202136047,0.627753868,0.128158697,0.501728074,0.035620643,0.632958627,0.036397276,0.564149709,0.047188896,0.346875283,0.020201347,0.265596934,0.028593508,1.390424044,0.130194938,0.522490256,0.039206286
19Oki20,2019,Acropora,aff.,bifurcata,Testing,7.454521113,0.193237245,-11.16395171,92129.91688,0.859398795,8.257324956,1.742681425,135.9841418,0.181926565,3.353946277,-9.637303128,192.1129494,-0.579306238,3.473203691,13.04286779,187.4941273,0.728304223,3.420966723,-11.07616758,122695.2933,0.766276793,8.215215218,3.161631929,150.6419545,0.095782513,3.328393037,-8.972936454,222.2655271,-0.630933813,3.536007677,15.21828123,204.5187893,0.712004656,3.523552033,2.364520941,0.658293029,0.149599374,0.540264889,0.083162491,0.417126159,0.018526777,0.525997427,0.019619079,0.464510543,0.028136741,0.323034874,0.011897797,0.269383976,0.008051414,1.296965407,0.127053954,0.362937312,0.029345688
19Oki22,2019,Acropora,aff.,bifurcata,Testing,8.60774162,0.164029046,-15.99695146,139992.0236,0.986099601,9.163644902,1.975980674,159.840492,0.112740911,3.574559953,-10.38849244,227.4880175,-0.676445309,3.672803967,14.22294984,226.8256025,0.795109518,3.647339389,-17.65202926,312934.2422,0.840774063,9.218288972,4.465846112,222.7939625,-0.019357941,3.588607641,-10.2771181,344.5480594,-0.739919675,3.687898895,19.03250662,300.9843175,0.786508817,3.750592213,2.363232817,0.74537675,0.198879724,0.600704547,0.116385228,0.452821263,0.022043806,0.562664651,0.031091971,0.476696902,0.026559886,0.285845227,0.006204981,0.226093689,0.004446165,1.373118237,0.123590462,0.334241292,0.033153764
19Oki23,2019,Acropora,aff.,bifurcata,Testing,8.320009304,0.175364825,-16.92323888,141245.0398,1.059268847,9.077198613,2.077923823,163.6153823,0.051253,3.467782377,-10.54821655,236.2941343,-0.657753316,3.553708216,14.60771992,223.7107206,0.715062185,3.511482122,-10.55071954,230431.4118,0.920613842,8.595335782,4.332001425,204.6645394,-0.117965541,3.365964755,-9.8710137,313.8948641,-0.666179251,3.408166174,18.43421183,255.8376604,0.601977452,3.550643434,2.303066578,0.724319092,0.189302202,0.606758983,0.126483309,0.47757815,0.032947264,0.554734865,0.040053736,0.504725716,0.036756623,0.286634035,0.006628514,0.234763377,0.003786804,1.3240782,0.114148615,0.459340821,0.032726369
19Oki24,2019,Acropora,aff.,hyacinthus,Testing,6.776481213,0.226363793,-10.45619063,93605.0941,1.032840199,8.519994343,1.51256497,134.4153621,0.002184056,3.557301339,-9.640451126,194.2422122,-0.682545073,3.509613316,12.599813,183.6942233,0.656110845,3.381820059,-4.210504047,163339.6352,0.916612047,7.246352259,3.482757808,187.7668535,-0.256002604,3.16681469,-10.11073955,268.974235,-0.554335236,3.070261001,16.96666584,230.1403445,0.289036748,3.166182817,2.298678725,0.868773983,0.197529073,0.715980592,0.118986585,0.586649041,0.025294978,0.716452396,0.031209919,0.560093619,0.023756973,0.372424229,0.005816367,0.305895576,0.004385041,1.413672994,0.103427387,0.411684306,0.044081774
19Oki25,2019,Acropora,aff.,cytherea,Testing,7.577700214,0.188080614,-5.492128023,8045.567038,1.241197865,8.323197349,1.855070833,39.08006669,0.479992751,3.406913161,-4.686046985,48.06563322,-0.205804356,3.41835044,8.381750463,58.39367033,0.727414268,3.278121205,11.8743992,18994.55626,1.081892015,6.465539454,4.817303607,54.46360166,0.286329152,2.957651646,-2.751332703,77.33318227,-0.198125808,3.183653977,12.37917392,68.66029941,0.518132223,3.112258075,2.347424333,0.764317491,0.173079032,0.62815482,0.098757664,0.459706883,0.016979441,0.548547601,0.035451164,0.454337922,0.028326989,0.248342857,0.00857891,0.122767271,0.013344055,1.361512907,0.089261893,0.382092791,0.039140292
